id,question,ground_truth_answer,source_passage,question_type,difficulty,source_item,source_subsection,verification_status,verification_confidence,source_match_score,math_checked,math_passed
MSFT_2025_0001,What sections of this Form 10-K may contain forward-looking statements?,"“Business” (Part I, Item 1 of this Form 10-K), “Risk Factors” (Part I, Item 1A of this Form 10-K), and “Management’s Discussion and Analysis of Financial Condition and Results of Operations” (Part II, Item 7 of this Form 10-K)","Forward-looking statements may appear throughout this report, including the following sections: “Business” (Part I, Item 1 of this Form 10-K), “Risk Factors” (Part I, Item 1A of this Form 10-K), and “Management’s Discussion and Analysis of Financial Condition and Results of Operations” (Part II, Item 7 of this Form 10-K).",fact_extraction,easy,Item 1,Note About Forward-Looking Statements,pass,high,1.0,False,
MSFT_2025_0002,How does Microsoft's approach to AI compare to its approach to digital technology in terms of availability and responsibility?,"Microsoft's approach to AI is similar to its approach to digital technology, as the company aims to make both available broadly while doing so responsibly.",Microsoft is a technology company committed to making digital technology and artificial intelligence (“AI”) available broadly and doing so responsibly.,comparison,medium,Item 1,GENERAL,pass,high,1.0,False,
MSFT_2025_0003,In what year was the company founded?,1975,"Founded in 1975, we develop and support software, services, devices, and solutions that deliver new value for customers and help people and businesses realize their full potential.",fact_extraction,medium,Item 1,What We Offer,pass,high,1.0,False,
MSFT_2025_0004,What is the primary focus of Microsoft in its cloud business?,security,"We prioritize security above all else and we offer our customers integrated AI-driven products addressing security, compliance, identity, management, and privacy across customers’ multi-cloud, application, and device assets.",fact_extraction,easy,Item 1,Item 1,pass,high,1.0,False,
MSFT_2025_0005,How do Microsoft's goals of reinventing productivity and building the intelligent cloud and intelligent edge platform differ in terms of their focus?,"Reinventing productivity focuses on helping organizations and individuals work and collaborate more securely and efficiently, whereas building the intelligent cloud and intelligent edge platform focuses on providing a foundation for customers' digital workloads, including hybrid consistency, developer productivity, data and AI capabilities, and trusted security and compliance.","• Reinvent productivity and business processes to help organizations and individuals work and collaborate more securely and efficiently. • Build the intelligent cloud and intelligent edge platform to provide a foundation for our customers’ digital workloads including hybrid consistency, developer productivity, data and AI capabilities, and trusted security and compliance.",comparison,medium,Item 1,"To achieve our vision, our research and development efforts focus on three interconnected ambitions:",pass,high,0.9919786096256683,False,
MSFT_2025_0006,What is one of the areas where Microsoft is investing significant resources to drive insights and revolutionize work and business processes?,Applying AI and ambient intelligence,"Applying AI and ambient intelligence to drive insights, revolutionize many types of work and business processes, and provide substantive productivity gains using Microsoft 365 Copilot and agents.",fact_extraction,medium,Item 1,Our Future Opportunity,pass,high,1.0,False,
MSFT_2025_0007,"In what year did Microsoft announce its goals to become a carbon negative, water positive, and zero waste company?",2020,"In 2020, we announced goals to become a carbon negative, water positive, and zero waste company by 2030.",fact_extraction,easy,Item 1,Commitment to Sustainability,pass,high,1.0,False,
MSFT_2025_0008,Compare the composition of Microsoft's segments before and after August 2024.?,"Before August 2024, the segments did not have the commercial components of Microsoft 365 together in the Productivity and Business Processes segment. After August 2024, the commercial components of Microsoft 365 were brought together in the Productivity and Business Processes segment.","In August 2024, we announced changes to the composition of our segments. These changes align our segments with how we currently manage our business, most notably bringing the commercial components of Microsoft 365 together in the Productivity and Business Processes segment.",comparison,medium,Item 1,OPERATING SEGMENTS,pass,high,1.0,False,
MSFT_2025_0009,What are the components of Microsoft 365 Commercial cloud services?,"Microsoft 365 Commercial, Enterprise Mobility + Security, the cloud portion of Windows Commercial, the per-user portion of Power BI, Exchange, SharePoint, Microsoft Teams, Microsoft 365 Security and Compliance, and Microsoft 365 Copilot","Our Productivity and Business Processes segment consists of products and services in our portfolio of productivity, communication, and information services, spanning a variety of devices and platforms. This segment primarily comprises: • Microsoft 365 Commercial products and cloud services, including Microsoft 365 Commercial cloud, comprising Microsoft 365 Commercial, Enterprise Mobility + Security, the cloud portion of Windows Commercial, the per-user portion of Power BI, Exchange, SharePoint, Microsoft Teams, Microsoft 365 Security and Compliance, and Microsoft 365 Copilot; and Microsoft 365 Commercial products, comprising Windows Commercial on-premises and Office licensed on-premises.",fact_extraction,medium,Item 1,Productivity and Business Processes,pass,high,0.9971264367816092,False,
MSFT_2025_0010,What are the main factors that affect Microsoft 365 Commercial revenue?,"A combination of continued installed base growth and average revenue per user expansion, as well as the continued shift from Office licensed on-premises to Microsoft 365.","Microsoft 365 Commercial revenue is mainly affected by a combination of continued installed base growth and average revenue per user expansion, as well as the continued shift from Office licensed on-premises to Microsoft 365.",fact_extraction,easy,Item 1,Microsoft 365 Commercial Products and Cloud Services,pass,high,1.0,False,
MSFT_2025_0011,Compare the factors that affect Microsoft 365 Consumer cloud revenue and Office Consumer products revenue.?,"Microsoft 365 Consumer cloud revenue is affected by the demand for communication and storage through Outlook.com and OneDrive, while Office Consumer products revenue is mainly affected by the percentage of customers that buy Office with their new devices and the continued shift from Office licensed on-premises to Microsoft 365 Consumer subscriptions.","Microsoft 365 Consumer cloud revenue and Office Consumer products revenue is mainly affected by the percentage of customers that buy Office with their new devices and the continued shift from Office licensed on-premises to Microsoft 365 Consumer subscriptions. Microsoft 365 Consumer cloud revenue is also affected by the demand for communication and storage through Outlook.com and OneDrive, which is largely driven by subscriptions and advertising.",comparison,medium,Item 1,Microsoft 365 Consumer Products and Cloud Services,pass,high,1.0,False,
MSFT_2025_0012,What are the main factors that affect LinkedIn revenue?,"demand from enterprises and professionals for subscriptions to Talent Solutions, Sales Solutions, and Premium Subscriptions offerings, as well as member engagement and the quality of the sponsored content delivered to those members to drive Marketing Solutions","LinkedIn revenue is mainly affected by demand from enterprises and professionals for subscriptions to Talent Solutions, Sales Solutions, and Premium Subscriptions offerings, as well as member engagement and the quality of the sponsored content delivered to those members to drive Marketing Solutions.",fact_extraction,medium,Item 1,LinkedIn,pass,high,1.0,False,
MSFT_2025_0013,Compare the competitive landscape of Microsoft Defender for Endpoint and LinkedIn.?,"Microsoft Defender for Endpoint competes with endpoint security solution providers, whereas LinkedIn faces competition from a broader range of competitors, including online professional networks, recruiting and talent management companies, job boards, and online and offline outlets that generate revenue from advertisers and marketers.","Microsoft Defender for Endpoint competes with endpoint security solution providers. Our Enterprise Mobility + Security offerings compete with products from a range of competitors including identity vendors, security solution vendors, and numerous other security point solution vendors. LinkedIn faces competition from online professional networks; recruiting, talent management, and human resource services companies; job boards; companies that provide learning and development products and services; online and offline outlets that generate revenue from advertisers and marketers; and online and offline outlets for companies with lead generation and customer intelligence and insights.",comparison,medium,Item 1,Competition,pass,high,0.9970887918486171,False,
MSFT_2025_0014,What are some of the server products included in the Intelligent Cloud segment?,"SQL Server, Windows Server, Visual Studio, System Center, related Client Access Licenses (“CALs”), and other on-premises offerings","Our Intelligent Cloud segment consists of our public, private, and hybrid server products and cloud services that power modern business and developers. This segment primarily comprises: • Server products and cloud services, including Azure and other cloud services, comprising cloud and AI consumption-based services, GitHub cloud services, Nuance Healthcare cloud services, virtual desktop offerings, and other cloud services; and Server products, comprising SQL Server, Windows Server, Visual Studio, System Center, related Client Access Licenses (“CALs”), and other on-premises offerings.",fact_extraction,medium,Item 1,Intelligent Cloud,pass,high,0.9966159052453469,False,
MSFT_2025_0015,What is Azure AI Foundry?,"a unified platform for developers to design, customize, and manage AI applications and agents","Azure AI Foundry is a unified platform for developers to design, customize, and manage AI applications and agents.",fact_extraction,easy,Item 1,Server Products and Cloud Services,pass,high,1.0,False,
MSFT_2025_0016,Compare the scope of Microsoft server solutions and Microsoft desktop solutions in terms of the services provided by Enterprise and partner services.?,"Both Microsoft server solutions and Microsoft desktop solutions are assisted by Enterprise and partner services in terms of development, deployment, and management, but the passage does not provide a direct comparison of their scope.","Enterprise and partner services, including Enterprise Support Services, Industry Solutions, Nuance professional services, Microsoft Partner Network, and Learning Experience, assist customers in developing, deploying, and managing Microsoft server solutions, Microsoft desktop solutions, and Nuance conversational AI and ambient intelligent solutions, along with providing training and certification to developers and IT professionals on various Microsoft products.",comparison,medium,Item 1,Enterprise and Partner Services,pass,high,1.0,False,
MSFT_2025_0017,What type of operating systems are offered by vertically integrated computer manufacturers on their server hardware?,Unix operating system,Vertically integrated computer manufacturers offer their own versions of the Unix operating system preinstalled on server hardware and nearly all computer manufacturers offer server hardware for the Linux operating system.,fact_extraction,medium,Item 1,Competition,pass,high,1.0,False,
MSFT_2025_0018,What type of services does the Enterprise and partner services business compete with?,"strategy and business planning, application development, and infrastructure services","Our Enterprise and partner services business competes with a wide range of companies that provide strategy and business planning, application development, and infrastructure services, including multinational consulting firms and small niche businesses focused on specific technologies.",fact_extraction,easy,Item 1,Item 1,pass,high,1.0,False,
MSFT_2025_0019,Compare the composition of the Windows and Devices product line with the Gaming product line in the More Personal Computing segment.?,"The Windows and Devices product line primarily consists of Windows OEM licensing and Devices, including Surface and PC accessories, whereas the Gaming product line primarily consists of Xbox hardware, Xbox content and services, and other cloud services.","Our More Personal Computing segment consists of products and services that put customers at the center of the experience with our technology. This segment primarily comprises: • Windows and Devices, including Windows OEM licensing (Windows Pro and non-Pro licenses sold through the OEM channel) and Devices, comprising Surface and PC accessories. • Gaming, including Xbox hardware and Xbox content and services, comprising first- and third-party content (including games and in-game content), Xbox Game Pass and other subscriptions, Xbox Cloud Gaming, advertising, and other cloud services.",comparison,medium,Item 1,More Personal Computing,pass,high,0.9932203389830508,False,
MSFT_2025_0020,What are some factors that impact Windows OEM revenue?,"The mix of computing devices based on form factor and screen size, differences in device market demand between developed markets and growth markets, growth of the AI PC category, attachment of Windows to devices shipped, customer mix between consumer, small and medium businesses, and large enterprises, changes in inventory levels in the OEM channel, pricing changes and promotions, constraints in the supply chain of device components, and piracy.","In addition to computing device market volume, Windows OEM revenue is impacted by: • The mix of computing devices based on form factor and screen size. • Differences in device market demand between developed markets and growth markets. • Growth of the AI PC category. • Attachment of Windows to devices shipped. • Customer mix between consumer, small and medium businesses, and large enterprises. • Changes in inventory levels in the OEM channel. • Pricing changes and promotions, pricing variation that occurs when the mix of devices manufactured shifts from local and regional system builders to large multinational OEMs, and different pricing of Windows versions licensed. • Constraints in the supply chain of device components. • Piracy.",fact_extraction,medium,Item 1,Windows and Devices,pass,high,0.9757085020242914,False,
MSFT_2025_0021,What are the main factors that affect Xbox revenue?,"Subscriptions and sales of first- and third-party content, as well as advertising","Xbox revenue is mainly affected by subscriptions and sales of first- and third-party content, as well as advertising.",fact_extraction,easy,Item 1,Gaming,pass,high,1.0,False,
MSFT_2025_0022,How does Microsoft's approach to user acquisition and engagement through its Microsoft Edge browser and Bing search engine compare to its partnerships with other companies?,"Microsoft's approach through its Microsoft Edge browser and Bing search engine is focused on enabling user acquisition and engagement, whereas its partnerships with other companies are focused on providing and monetizing search offerings.","Our Microsoft Edge browser and Bing search engine with Copilot are key tools to enable user acquisition and engagement, while our technology platform enables accelerated delivery of digital advertising solutions. In addition to first-party tools, we have several partnerships with companies through which we provide and monetize search offerings.",comparison,medium,Item 1,Search and News Advertising,pass,high,1.0,False,
MSFT_2025_0023,"How many employees were in operations, including product support and consulting services, datacenter operations, and manufacturing and distribution as of June 30, 2025?","89,000","As of June 30, 2025, we employed approximately 228,000 people on a full-time basis, 125,000 in the U.S. and 103,000 internationally. Of the total employees, 89,000 were in operations, including product support and consulting services, datacenter operations, and manufacturing and distribution; 80,000 were in product research and development; 44,000 were in sales and marketing; and 15,000 were in general and administration.",fact_extraction,easy,Item 1,HUMAN CAPITAL RESOURCES,pass,high,1.0,False,
MSFT_2025_0024,How does Microsoft's approach to employee wellbeing compare to its approach to employee development?,"Microsoft's approach to employee wellbeing is focused on providing a differentiated benefits package with physical, emotional, and financial wellness programs, whereas its approach to employee development is focused on providing access to continuous learning through internal and external content, supporting professional growth across roles and disciplines.","We have invested significantly in employee wellbeing and offer a differentiated benefits package which includes many physical, emotional, and financial wellness programs. We also provide access to continuous learning through a wide range of internal and external content, supporting professional growth across roles and disciplines.",comparison,medium,Item 1,Item 1,pass,high,1.0,False,
MSFT_2025_0025,What type of units are used in the servers of the company's datacenters?,Graphics processing units (GPUs),"We have regional operations service centers in the Americas, Asia Pacific, Europe, and the Middle East that support our business operations, including customer contract and order processing, billing, credit and collections, customer lifecycle AI and cloud operations, and vendor management and logistics. In addition to our operations centers, we also operate datacenters throughout each of these regions. We continue to align our datacenter locations and server capacity to meet the evolving needs of our customers, particularly given the growing demand for AI services. Our datacenters depend on the availability of permitted and buildable land, predictable energy, networking supplies, and servers, including graphics processing units (“GPUs”) and other components.",fact_extraction,medium,Item 1,OPERATIONS,pass,high,0.9986979166666665,False,
MSFT_2025_0026,What areas does the company make significant investments in research and development for?,"new and existing products, services, and technologies, including tools and platforms spanning digital work and life experiences, cloud computing, AI, devices, security, and operating systems","We make significant investments in research and development for new and existing products, services, and technologies, including tools and platforms spanning digital work and life experiences, cloud computing, AI, devices, security, and operating systems.",fact_extraction,easy,Item 1,Product and Service Development,pass,high,1.0,False,
MSFT_2025_0027,How does the company's approach to licensing its intellectual property for strategic objectives compare to its approach to licensing for outbound licensing of specific patented technologies?,"The company licenses its intellectual property broadly at no or low cost for strategic objectives, whereas it engages in outbound licensing of specific patented technologies for incorporation into licensees' products, suggesting a more targeted approach for the latter.","At times, we make select intellectual property broadly available at no or low cost to achieve a strategic objective, such as promoting industry standards, advancing interoperability, supporting societal and/or environmental efforts, or attracting and enabling our external development community. We also engage in outbound licensing of specific patented technologies that are incorporated into licensees’ products.",comparison,medium,Item 1,Intellectual Property,pass,high,0.8405797101449275,False,
MSFT_2025_0028,What types of organizations does the sales organization work directly with to identify and meet their technology and digital transformation requirements?,commercial enterprises and public-sector organizations,"Our customers include individual consumers, small and medium organizations, large global enterprises, public-sector institutions, service providers, application developers, and OEMs. We market and distribute our products and services through the following channels: direct, distributors and resellers, and OEMs. Our sales organization performs a variety of functions, including working directly with commercial enterprises and public-sector organizations worldwide to identify and meet their technology and digital transformation requirements; supporting system integrators, independent software vendors, and other partners who engage directly with our customers to perform sales, consulting, and fulfillment functions for our products and services; and managing OEM relationships.",fact_extraction,medium,Item 1,"DISTRIBUTION, SALES, AND MARKETING",pass,high,1.0,False,
MSFT_2025_0029,What type of advisors support many of Microsoft's sales?,A large network of partner advisors,"Many organizations that license our products and services transact directly with us through Enterprise Agreements and Enterprise Services contracts, with sales support from system integrators, independent software vendors, web agencies, and partners that advise organizations on licensing our products and services (“Enterprise Agreement Software Advisors” or “ESA”). Microsoft offers direct sales programs targeted to reach small, medium, and corporate customers, in addition to those offered through the reseller channel. A large network of partner advisors support many of these sales.",fact_extraction,easy,Item 1,Direct,pass,high,1.0,False,
MSFT_2025_0030,Compare the primary engagement of LSPs and VARs in terms of the size of organizations they reach.?,"LSPs are primarily engaged with large organizations, whereas VARs typically reach small and medium organizations.","Although each type of reselling partner may reach organizations of all sizes, LSPs are primarily engaged with large organizations, distributors resell primarily to VARs, and VARs typically reach small and medium organizations.",comparison,medium,Item 1,Distributors and Resellers,pass,high,1.0,False,
MSFT_2025_0031,What are the two broad categories of OEMs that Microsoft distributes its products and services through?,Direct OEMs and system builders,"There are two broad categories of OEMs. The largest category of OEMs are direct OEMs as our relationship with them is managed through a direct agreement between Microsoft and the OEM. The second broad category of OEMs are system builders consisting of lower-volume PC manufacturers, which source Microsoft software for pre-installation and local redistribution primarily through the Microsoft distributor channel rather than through a direct agreement or relationship with Microsoft.",fact_extraction,medium,Item 1,OEMs,pass,high,0.8065650644783118,False,
MSFT_2025_0032,What benefit does Software Assurance (SA) provide to customers?,"rights to new software and upgrades for perpetual licenses released over the contract period, support, tools, training, and other licensing benefits","Software Assurance (“SA”) conveys rights to new software and upgrades for perpetual licenses released over the contract period. It also provides support, tools, training, and other licensing benefits to help customers deploy and use software efficiently.",fact_extraction,easy,Item 1,LICENSING OPTIONS,pass,high,1.0,False,
MSFT_2025_0033,How do the licensing options under Enterprise Agreements compare in terms of duration and flexibility?,"The licensing options under Enterprise Agreements offer both perpetual licenses and subscription-based cloud services, providing flexibility in terms of duration, with perpetual licenses covered with SA and cloud services available over a three-year period.",Enterprise Agreements offer large organizations a manageable volume licensing program that gives them the flexibility to buy cloud services and software licenses under one agreement. Enterprise Agreements are designed for medium or large organizations that want to license Microsoft products and services organization-wide over a three-year period. Organizations can elect to purchase perpetual licenses (covered with SA) and/or subscribe to cloud services.,comparison,medium,Item 1,Enterprise Agreement,pass,high,1.0,False,
MSFT_2025_0034,What is the nature of the duration of Microsoft Customer Agreements?,non-expiring,"Microsoft Customer Agreements are simplified purchase agreements presented, accepted, and stored through a digital experience. Microsoft Customer Agreements are non-expiring agreements that are designed to support all customers over time, whether purchasing through a partner or directly from Microsoft.",fact_extraction,medium,Item 1,Microsoft Customer Agreement,pass,high,1.0,False,
MSFT_2025_0035,What is the primary method by which customers can acquire cloud-based services through Microsoft Online Subscription Agreements?,monthly or annual subscriptions,These agreements allow customers to acquire monthly or annual subscriptions for cloud-based services.,fact_extraction,easy,Item 1,Microsoft Online Subscription Agreement,pass,high,1.0,False,
MSFT_2025_0036,Compare the licensing options available to customers who purchase perpetual licenses versus those who subscribe to licenses under Microsoft Products and Services Agreements.?,"Customers who purchase perpetual licenses have the option to add SA, whereas customers who subscribe to licenses do not have this option explicitly mentioned.",Organizations purchase perpetual licenses or subscribe to licenses. SA is optional for customers that purchase perpetual licenses.,comparison,medium,Item 1,Microsoft Products and Services Agreement,pass,high,1.0,False,
MSFT_2025_0037,What is the duration of the licensing period for organizations under Open Value agreements?,three-year period,"Open Value agreements are a simple, cost-effective way to acquire the latest Microsoft technology. These agreements are designed for small and medium organizations that want to license cloud services and on-premises software over a three-year period. Under Open Value agreements, organizations can elect to purchase perpetual licenses or subscribe to licenses and SA is included.",fact_extraction,medium,Item 1,Open Value,pass,high,1.0,False,
MSFT_2025_0038,How long is the period over which partners license software under the Microsoft Services Provider License Agreement?,three-year period,Partners license software over a three-year period and are billed monthly based on units licensed.,fact_extraction,easy,Item 1,Partner Programs,pass,high,1.0,False,
MSFT_2025_0039,Compare the company's approach to regulatory compliance in general with its approach to the European Union's Digital Markets Act and Digital Services Act.?,"The company has a unified approach to regulatory compliance, but it also has tailored programs and processes to meet specific regulatory obligations, such as the creation of independent compliance functions required by the EU's Digital Markets Act and Digital Services Act.","While we have a unified approach to regulatory compliance, some of the programs and processes are tailored to meet specific regulatory obligations, such as with the creation of independent compliance functions required by the European Union (“EU”) Digital Markets Act and the EU Digital Services Act, which oversee, monitor, and assess the company’s compliance with these acts.",comparison,medium,Item 1,GOVERNMENT REGULATION,pass,high,1.0,False,
MSFT_2025_0040,When was Ms. Hood appointed as Executive Vice President and Chief Financial Officer?,July 2013,"Ms. Hood was appointed Executive Vice President and Chief Financial Officer in July 2013, subsequent to her appointment as Chief Financial Officer in May 2013.",fact_extraction,easy,Item 1,"Our executive officers as of July 30, 2025 were as follows:",pass,high,1.0,False,
MSFT_2025_0041,Compare the types of information available on Microsoft's Investor Relations website with the types of reports and resources available on their Reports Hub website.?,"Microsoft's Investor Relations website provides information on business strategies, financial results, and metrics for investors, as well as corporate governance information, press releases, and announcements. In contrast, their Reports Hub website focuses on Corporate Social Responsibility programs and progress, including reports on responsible AI, sustainability, and public policy engagement.","Our goal is to maintain the Investor Relations website as a portal through which investors can easily find or navigate to pertinent information about us, including: • Our annual report on Form 10-K, quarterly reports on Form 10-Q, current reports on Form 8-K, and any amendments to those reports, as soon as reasonably practicable after we electronically file that material with or furnish it to the Securities and Exchange Commission (“SEC”) at www.sec.gov. • Information on our business strategies, financial results, and metrics for investors. • Announcements of investor conferences, speeches, and events at which our executives talk about our product, service, and competitive strategies. Archives of these events are also available. • Press releases on quarterly earnings, product and service announcements, legal developments, and international news. • Corporate governance information including our articles of incorporation, bylaws, governance guidelines, committee charters, codes of conduct and ethics, global corporate social responsibility initiatives, and other governance-related policies. • Other news and announcements that we may post from time to time that investors might find useful or interesting. • Opportunities to sign up for email alerts to have information pushed in real time. We publish a variety of reports and resources related to our Corporate Social Responsibility programs and progress on our Reports Hub website, www.microsoft.com/corporate-responsibility/reports-hub, including reports on responsible AI, sustainability, responsible sourcing, accessibility, digital trust, and public policy engagement.",comparison,medium,Item 1,AVAILABLE INFORMATION,pass,high,0.9908424908424908,False,
MSFT_2025_0042,"Compare the research and development resources of diversified global companies to those of small, specialized firms in the industry.?","Diversified global companies have significant research and development resources, whereas small, specialized firms have narrower product lines that may allow them to be more effective in deploying their resources.","Our competitors range in size from diversified global companies with significant research and development resources to small, specialized firms whose narrower product lines may let them be more effective in deploying technical, marketing, and financial resources.",comparison,medium,Item 1A,Competition in the technology sector,pass,high,1.0,False,
MSFT_2025_0043,"What is the potential impact on Microsoft's business if they shift a portion of their business to a vertically-integrated model, and how might this affect their competitiveness in the market?","Shifting to a vertically-integrated model may increase Microsoft's cost of revenue and reduce their operating margins, which could make it more difficult for them to compete with other companies that have successfully implemented this model, such as those that provide competing platforms for PCs, tablets, smartphones, and gaming consoles.","An important element of our business model has been to create platform-based ecosystems on which many participants can build diverse solutions. A well-established ecosystem creates beneficial network effects among users, application developers, and the platform provider that can accelerate growth. Establishing significant scale in the marketplace is necessary to meet consumer demand and to achieve and maintain attractive margins. We face significant competition from firms that provide competing platforms. • A competing vertically-integrated model, in which a single firm controls the hardware and software elements of a product and related services, has succeeded with some consumer products such as PCs, tablets, smartphones, gaming consoles, wearables, and other endpoint devices. Competitors pursuing this model also earn revenue from services integrated with the hardware and software platform, including applications and content sold through their integrated marketplaces. They may also be able to claim security and performance benefits from their vertically-integrated offer. We also offer some vertically-integrated hardware and software products and services. Shifting a portion of our business to a vertically-integrated model may increase our cost of revenue and reduce our operating margins.",multi_step_reasoning,hard,Item 1A,Competition among platform-based ecosystems,pass,low,0.998472116119175,False,
MSFT_2025_0044,"What are the potential consequences of the company's failure to execute its cloud-based and AI services strategies, and how might this impact its financial condition and results of operations?","The company's failure to execute its cloud-based and AI services strategies could lead to decreased sales volumes, price reductions, and/or increased operating costs, which could adversely affect its financial condition and results of operations.","The competitive pressures described above may cause decreased sales volumes, price reductions, and/or increased operating costs, such as for research and development, marketing, and sales incentives, which could adversely affect our financial condition and results of operations.",multi_step_reasoning,hard,Item 1A,Business model competition,pass,low,1.0,False,
MSFT_2025_0045,Compare the potential impact of users engaging in fraudulent or abusive activities through the company's cloud-based and AI services versus the potential impact of users using the AI systems in unintended or inappropriate ways.?,"Both scenarios may result in reputational damage and adverse impacts to the business and results of operations, but the former may involve more severe consequences such as payment fraud, unauthorized account access, and terms of service violations.","Our AI systems offer users powerful tools and capabilities. However, there may be instances where these systems are used in ways that are unintended or inappropriate. In addition, some users may also engage in fraudulent or abusive activities through our cloud-based and AI services, such as unauthorized account access, payment fraud, or terms of service violations including cryptocurrency mining or launching cyberattacks. While we are committed to detecting and controlling such misuse of our cloud-based and AI services, our efforts may not be effective, and we may incur reputational damage or experience adverse impacts to our business and results of operations.",comparison,medium,Item 1A,Item 1A,pass,high,1.0,False,
MSFT_2025_0046,"What are the potential consequences of negative public reaction to the company's data-handling practices, and how might this impact the company's business strategy?","Negative public reaction to the company's data-handling practices could lead to perceptions of mismanagement, which could negatively impact product and feature adoption, ultimately affecting revenue and the company's ability to achieve expected returns from its investments in new products and services.","We make significant investments in products and services that may not achieve expected returns. ... Our data-handling practices across our products and services will continue to be under scrutiny. Perceptions of mismanagement, driven by regulatory activity or negative public reaction to our practices or product experiences, could negatively impact product and feature adoption.",multi_step_reasoning,hard,Item 1A,RISKS RELATING TO THE EVOLUTION OF OUR BUSINESS,pass,high,0.8680738786279683,False,
MSFT_2025_0047,Compare the potential impact of nation-state associated threat actors and individual hackers on the company's systems and data.?,"Nation-state associated threat actors can sustain malicious activities for extended periods and deploy significant resources to plan and carry out attacks, potentially causing more harm than individual hackers.","Nation-state and state-sponsored actors can sustain malicious activities for extended periods and deploy significant resources to plan and carry out attacks. Nation-state attacks against us, our customers, or our partners have and may continue to intensify due to our transparency to our customers, other stakeholders, and the public about cyberattacks, and during elections or periods of intense diplomatic or armed conflict.",comparison,medium,Item 1A,Security of our information technology,pass,high,1.0,False,
MSFT_2025_0048,"What potential consequences may arise from the company's adoption of new technologies and internal environment changes, and how might these consequences impact the company's cybersecurity posture?","The company's adoption of new technologies and internal environment changes may create new attack surfaces or methods for adversaries, potentially leading to cybersecurity breaches or non-compliance with emerging regulations, which could negatively impact the company's business operations and reputation.","Our internal environment continues to evolve. Often, we are early adopters of new devices and technologies. We embrace new ways of sharing data and communicating internally and with partners and customers using methods such as social networking and other consumer-oriented technologies. Increasing use of generative AI models in our internal systems may create new attack surfaces or methods for adversaries. Our business policies and internal security controls may not keep pace with these changes as new threats emerge or the emerging cybersecurity regulations in jurisdictions worldwide.",multi_step_reasoning,hard,Item 1A,Item 1A,pass,high,1.0,False,
MSFT_2025_0049,"What are the potential consequences for customers if the company fails to discontinue support for a product or service that no longer incorporates the strongest current security advances or standards, and how might this impact the company's relationship with its customers?","The potential consequences for customers include increased vulnerability to cyberattacks, which could lead to unauthorized access, ransomware, or other malicious software impacting their use of the company's products or services. This, in turn, may damage the company's reputation and erode customer trust, as the company is committed to notifying and providing guidance to affected customers.","As a result, we may not be able to discontinue support in our services for a product, service, standard, or feature solely because a more secure alternative is available. Failure to utilize the most current security advances and standards can increase our customers’ vulnerability to attack.",multi_step_reasoning,hard,Item 1A,"Security of our products, services, devices, and customers’ data",pass,high,1.0,False,
MSFT_2025_0050,Compare the potential impact of actual or perceived security vulnerabilities on the company's reputation and results of operations versus the potential impact of customers failing to update their systems or adopt adequate security practices.?,"Both scenarios could harm the company's reputation and lead to reduced or delayed purchases of products or services, but the former may also lead to claims against the company and liability, while the latter may delay adoption of additional products or services.","If we fail to do these things well, actual or perceived security vulnerabilities in our processes, products, and services, data corruption issues, or reduced performance could harm our reputation and lead customers to exercise contractual or other remedies against us, reduce or delay future purchases of products or subscriptions to services, or to use competing products or services. Customers and third parties granted access to customer systems may fail to update their systems, continue to run software or operating systems we no longer support, may fail to timely install or enable security patches, or may otherwise fail to adopt adequate security practices.",comparison,medium,Item 1A,Development and deployment of defensive measures,pass,high,1.0,False,
MSFT_2025_0051,"What potential consequences could arise from changes in the law or interpretations of the law affecting Microsoft's ability to protect its valuable information and content, and how might these consequences impact the company's business?","Changes in the law or interpretations of the law could weaken Microsoft's ability to prevent third parties from scraping or gathering information or content, leading to potential misuse of this information for their own benefit. This could adversely affect Microsoft's business, financial condition, and results of operations.","LinkedIn and other Microsoft products and services contain valuable information and content protected by contractual restrictions or technical measures. In certain cases, we have made commitments to our members and users to limit access to or use of this information. Changes in the law or interpretations of the law may weaken our ability to prevent third parties from scraping or gathering information or content through use of bots or other measures and using it for their own benefit which could adversely affect our business, financial condition, and results of operations.",multi_step_reasoning,hard,Item 1A,We may not be able to protect information in our products and services from use by others,pass,high,1.0,False,
MSFT_2025_0052,"What are the potential consequences for the company's business, financial condition, and results of operations if it fails to prevent or respond to hostile or inappropriate activity on its platform products and services?","The company's business, financial condition, and results of operations may be adversely affected.","For platform products and services that provide content or host ads that come from or can be influenced by third parties, our reputation or user engagement may be negatively affected by activity that is hostile or inappropriate. This activity may come from users impersonating other people or organizations, including through the use of AI technologies, dissemination of information that may be viewed as misleading or intended to manipulate the opinions of our users, or the use of our products or services that violates our terms of service or otherwise for objectionable or illegal ends. Preventing or responding to these actions may require us to make substantial investments in people and technology and these investments may not be successful, adversely affecting our business, financial condition, and results of operations.",multi_step_reasoning,hard,Item 1A,"Advertising, professional, marketplace, and gaming platform abuses",pass,high,1.0,False,
MSFT_2025_0053,Compare the potential impact of regulations regarding freedom of expression and content moderation on the company's business.?,"Regulations regarding freedom of expression may conflict with content moderation regulations, creating uncertainty and potential reputational damage, whereas content moderation regulations may lead to enhanced regulatory oversight, civil or criminal liability, or reputational damage if not complied with.","Regulations and other initiatives have been enacted to make platforms responsible for preventing or eliminating harmful content online, and we expect this to continue with focused attention on child safety. At the same time, regulations and other initiatives regarding freedom of expression may conflict with such content moderation regulations.",comparison,medium,Item 1A,Other digital safety abuses,pass,high,1.0,False,
MSFT_2025_0054,"What is the potential impact on Microsoft's business if the company enables or offers AI solutions that have unintended consequences, and how might this be exacerbated by the evolving regulatory landscape?","Microsoft's reputation, competitive position, business, financial condition, and results of operations could be adversely affected. This risk is further compounded by the evolving regulatory landscape, with new laws emerging globally, which may lead to a web of different tensions across geographies that the company needs to navigate.","We are building AI into many of our offerings, including our productivity services, and we are also making AI available for our customers to use in solutions that they build. This AI may be developed by Microsoft or others, including our strategic partner, OpenAI. We expect these elements of our business to grow. We envision a future in which AI operating in devices, applications, and the cloud helps our customers be more productive in their work and personal lives. As with many innovations, AI presents risks and challenges that could affect its adoption, and therefore our business. AI algorithms or training methodologies may be flawed. Datasets may be overbroad, insufficient, or contain biased or inaccurate information. Content generated by AI systems may be offensive, illegal, inaccurate, or otherwise harmful. Ineffective or inadequate AI development or deployment practices by Microsoft or others could result in incidents that impair the acceptance of AI solutions, cause harm to individuals, customers, or society, or result in our products and services not working as intended. Human review of certain inputs and outputs may be required, including for agentic AI systems that can take actions autonomously. Our implementation of AI systems could result in legal liability, regulatory action, brand, reputational, or competitive harm, or other adverse impacts. These risks may stem from issues related to intellectual property, data privacy, and other claims associated with AI training and outputs. They are further compounded by the evolving regulatory landscape, with new laws emerging globally, including the European Union (“EU”). Some AI scenarios present ethical issues or may have broad impacts on society. There is also rising divergence globally in how to address these issues and impacts, with the result that we will need to navigate a web of different tensions across geographies. Finally, if we enable or offer AI solutions that have unintended consequences, unintended usage or customization by our customers and partners, are contrary to our responsible AI policies and practices, or are otherwise controversial because of the impact on human rights, privacy, employment, or other social, economic, or political issues, our reputation, competitive position, business, financial condition, and results of operations could be adversely affected.",multi_step_reasoning,hard,Item 1A,"Issues in the development, deployment, and use of AI may result in reputational or competitive harm or liability",pass,high,1.0,False,
MSFT_2025_0056,How do the potential consequences of quality or reliability issues in software products and services compare to those in hardware products?,"The potential consequences of quality or reliability issues in software products and services, such as reduced sales and damage to reputation, are similar to those in hardware products, but hardware products also carry the risk of recalls, safety alerts, or product liability claims.","Our software products and services also have and may in the future experience quality or reliability problems... Failure to prevent, detect, or address defects in design, manufacture, or associated software could result in recalls, safety alerts, or product liability claims, which could adversely affect our business and results of operations.",comparison,medium,Item 1A,Item 1A,pass,high,0.8526148969889065,False,
MSFT_2025_0057,Compare the potential impact of the EU's AI Act on the provision or operation of AI models and services in the European market versus the potential impact on model and system development and deployment.?,"The EU's AI Act may increase costs or impact the provision or operation of AI models and services in the European market, whereas it may also affect model and system development and deployment, but the specific impact on these areas is not explicitly stated as increased costs.","Legislative and regulatory action is emerging in AI, which could increase costs or restrict opportunity. For example, the EU’s AI Act may increase costs or impact the provision or operation of our AI models and services in the European market. AI regulatory areas include model and system development and deployment, frontier model safety, transparency, and content provenance.",comparison,medium,Item 1A,AI:,pass,high,1.0,False,
MSFT_2025_0058,What could be the potential consequences for the company if it fails to maintain accurate books and records and adequate internal controls as required by the accounting provisions of the FCPA?,"The company may face investigations by U.S. and foreign law enforcement authorities, and potentially, penalties or fines for non-compliance with Anti-Corruption Laws.","The Foreign Corrupt Practices Act (“FCPA”) and other anti-corruption laws and regulations (“Anti-Corruption Laws”) prohibit corrupt payments by our employees, vendors, or agents, and the accounting provisions of the FCPA require us to maintain accurate books and records and adequate internal controls. From time to time, we receive inquiries from authorities in the U.S. and elsewhere which may be based on reports from employees and others about our business activities and our compliance with Anti-Corruption Laws. Periodically, we receive such reports directly and investigate them and also cooperate with investigations by U.S. and foreign law enforcement authorities.",multi_step_reasoning,hard,Item 1A,Anti-corruption:,pass,high,1.0,False,
MSFT_2025_0059,"What is the potential impact of the ongoing conflict in Ukraine and the Israel-Hamas conflict on Microsoft's business operations, and how might this be exacerbated by the volatility of U.S. tariffs?","The conflicts could result in new and rapidly evolving sanctions and trade restrictions, impairing trade with sanctioned individuals and countries, and negatively impacting regional trade ecosystems among Microsoft's customers, partners, and itself. This could be exacerbated by the volatility of U.S. tariffs, which has already triggered economic uncertainty and impacted cloud and devices supply chain cost competitiveness.","Periods of intense diplomatic or armed conflict like the ongoing conflict in Ukraine and the Israel-Hamas conflict could result in (1) new and rapidly evolving sanctions and trade restrictions, which may impair trade with sanctioned individuals and countries, and (2) negative impacts to regional trade ecosystems among our customers, partners, and us. The volatility of U.S. tariffs has triggered economic uncertainty and could impact cloud and devices supply chain cost competitiveness.",multi_step_reasoning,hard,Item 1A,Trade:,pass,high,0.8361045130641329,False,
MSFT_2025_0060,Compare the uncertainty of current compliance obligations to the uncertainty of future compliance obligations in the context of legislative and regulatory actions related to cybersecurity.?,"The uncertainty of both current and future compliance obligations is considerable, but the passage implies that the uncertainty of future compliance obligations may be greater due to the evolving nature of the legal and regulatory environment.","The legal and regulatory environment in this area is complex and continues to evolve across multiple jurisdictions. As a result, there is considerable uncertainty regarding both current and future compliance obligations.",comparison,medium,Item 1A,Cybersecurity:,pass,high,1.0,False,
MSFT_2025_0061,"What potential consequences may arise from the growth of the company's Internet- and cloud-based services internationally, considering the evolving legal requirements for data protection?","The company may face increased costs and complexity in delivering its products and services, and potentially even restrictions or blocks on the use of its services.","Legal requirements relating to the collection, storage, handling, and transfer of personal data globally continue to evolve. The growth of our Internet- and cloud-based services internationally relies on the movement of data across national boundaries. Data protection authorities and governments in the EU and other markets have and may again restrict and/or block the use of services that involve the transfer of data across borders. New and evolving rules and restrictions on the flow of data across borders could increase the cost and complexity of delivering our products and services. In addition, the EU General Data Protection Regulation (“GDPR”) and other similar regulations impose a range of compliance obligations regarding the handling of personal data. New requirements related to the use of data, including the Data Act, add additional rules and restrictions on the use of data in our products and services.",multi_step_reasoning,hard,Item 1A,Handling of personal data:,pass,high,1.0,False,
MSFT_2025_0062,"What potential consequences could arise if the company fails to meet its sustainability goals or comply with evolving environmental regulations, and how might these consequences impact the company's business operations?","The company may face claims and lawsuits, regulatory actions, penalties, or damage to its reputation, which could adversely affect its business, operations, financial condition, and results of operations. Additionally, noncompliance could result in the imposition of penalties, criminal sanctions, or orders to cease the alleged noncompliant activity, further impacting the company's business operations.","Any failure or perceived failure to meet our sustainability goals, or to meet various sustainability regulatory requirements, could result in claims and lawsuits, regulatory actions, penalties, or damage to our reputation, each of which could adversely affect our business, operations, financial condition, and results of operations. Noncompliance could result in the imposition of penalties, criminal sanctions, or orders to cease the alleged noncompliant activity.",multi_step_reasoning,hard,Item 1A,"Environmental, Social, and Governance:",pass,high,0.8304721030042919,False,
MSFT_2025_0064,"What potential consequences may arise if the company is unable to protect its intellectual property, and how might this be exacerbated by changes in patent laws and the increasing use of open source software?","The company's results of operations could be adversely affected, as it may be unable to prevent the use of patented technology, and this risk may be heightened by changes in patent laws that weaken the company's ability to protect its intellectual property, as well as the need to license its intellectual property rights broadly in certain situations due to its increasing engagement with open source software.","We face risks related to the protection and utilization of our intellectual property that may result in our business and operating results being harmed. Protecting our intellectual property rights and combating unlicensed copying and use of our software, source code, and other intellectual property on a global basis is difficult. Similarly, the absence of harmonized patent laws makes it more difficult to ensure consistent respect for patent rights. Changes in the law may continue to weaken our ability to prevent the use of patented technology. Our increasing engagement with open source software will also cause us to license our intellectual property rights broadly in certain situations. If we are unable to protect our intellectual property, our results of operations could be adversely affected.",multi_step_reasoning,hard,Item 1A,INTELLECTUAL PROPERTY RISKS,pass,high,0.9975155279503105,False,
MSFT_2025_0065,"What is the potential causal chain of events if the company's source code leaks, and how could this ultimately affect their results of operations?","If the company's source code leaks, they may lose future trade secret protection, making it easier for third parties to compete with their products by copying functionality. This increased competition could then adversely affect their results of operations.","Source code, the detailed program commands for our operating systems and other software programs, is critical to our business. If our source code leaks, we might lose future trade secret protection for that code. It may then become easier for third parties to compete with our products by copying functionality, which could adversely affect our results of operations.",multi_step_reasoning,hard,Item 1A,Item 1A,pass,high,1.0,False,
MSFT_2025_0066,Compare the potential impact of economic conditions on the company's business and the potential impact of damage to the company's reputation or brands on its business.?,"Both economic conditions and damage to reputation or brands can adversely affect the company's business, results of operations, and ability to attract highly qualified employees. However, economic conditions may have a more direct impact on the company's sales and revenue, while damage to reputation or brands may have a more long-term impact on the company's ability to attract customers and employees.","Adverse economic or market conditions could harm our business. ... If our brands or reputation are damaged, it could adversely affect our business, results of operations, or ability to attract the most highly qualified employees.",comparison,medium,Item 1A,"If our reputation or our brands are damaged, our business and results of operations may be harmed",pass,high,0.8165938864628821,False,
MSFT_2025_0067,"What could be the potential consequences of restrictive domestic immigration laws on the company's research and development efforts, and how might this impact the company's ability to develop and deliver successful products and services?","Restrictive domestic immigration laws could limit the company's ability to recruit internationally, leading to a shortage of technical and professional talent. This, in turn, could inhibit the company's ability to adequately staff its research and development efforts, ultimately adversely affecting its ability to develop and deliver successful products and services.","Our business depends on our ability to attract and retain talented employees. Our business is based on successfully attracting, training, and retaining talented employees representing diverse backgrounds, experiences, and skill sets. The market for highly skilled workers and leaders in our industry is extremely competitive. Maintaining our brand and reputation, as well as an inclusive work environment that enables all our employees to thrive, are important to our ability to recruit and retain employees. We are also limited in our ability to recruit internationally by restrictive domestic immigration laws. Restraints on the flow of technical and professional talent, including those derived from changes to U.S. immigration policies or laws, may inhibit our ability to adequately staff our research and development efforts. If we are less successful in our recruiting efforts, or if we cannot retain highly skilled workers and key leaders, our ability to develop and deliver successful products and services could be adversely affected.",multi_step_reasoning,hard,Item 1A,Item 1A,pass,high,0.9990412272291467,False,
MSFT_2025_0068,"What potential consequences could arise if Microsoft fails to continually improve its cybersecurity protection, and how might this impact its role in the world's digital ecosystem?","If Microsoft fails to continually improve its cybersecurity protection, it may leave its customers, employees, cloud infrastructure, and internal corporate resources vulnerable to determined adversaries, potentially compromising the resiliency of its services and products, and ultimately undermining its central role in the world's digital ecosystem.","Microsoft plays a central role in the world’s digital ecosystem. We have made it the top corporate priority to protect the computing environment used by our customers and employees and to support the resiliency of our cloud infrastructure and services, products, devices, and our internal corporate resources from determined adversaries. In response to the evolving cybersecurity threat landscape, we launched the Secure Future Initiative (“SFI”) in November 2023 and expanded the scope of SFI in May 2024. The SFI focuses our business strategy and efforts on continual improvement in cybersecurity protection, and is aligned around three security principles:",multi_step_reasoning,hard,Item 1C,RISK MANAGEMENT AND STRATEGY,pass,high,1.0,False,
MSFT_2025_0069,What is the name of the framework used by the Enterprise Risk Management organization to structure its risk management efforts?,Committee of Sponsoring Organization (COSO) guidance on Enterprise Risk Management Integrating Strategy with Performance,ERM is structured using a framework based on the Committee of Sponsoring Organization (COSO) guidance on Enterprise Risk Management Integrating Strategy with Performance and it also aligns with the International Organization for Standardization 31000:2018 Risk Management Standard.,fact_extraction,medium,Item 1C,Secure Operations:,pass,high,0.9928825622775801,False,
MSFT_2025_0070,"What steps would the company likely take in the event of a cybersecurity incident, and how might this impact their business strategy and relationships with external parties?","The company would first triage the incident for severity, then assess it to establish a plan of record and activate internal and external notification, disclosure, and communication plans. They would mobilize engineering and development resources to resolve or remediate the incident, and conduct a comprehensive post-incident review process. This process might impact their business strategy by highlighting the need for continuous monitoring of cybersecurity threats, enhancing product security, investing in cybersecurity infrastructure, and collaborating with external parties to advance cybersecurity defenses and resiliency.","When we experience a cybersecurity incident, we utilize our well-established incident response plans that operate both across the company and at the product and services level. Incidents are first triaged for severity, and then more deeply assessed to establish a plan of record and activate internal and external notification, disclosure, and communication plans, as applicable. Engineering and development resources are mobilized to resolve or remediate the incident. After the incident is resolved, a comprehensive post-incident review process is conducted.",multi_step_reasoning,hard,Item 1C,Item 1C,pass,high,1.0,False,
MSFT_2025_0071,Who does the Chief Information Security Officer (CISO) report to?,The EVP of Cloud + AI,"Our CISO leads the strategy, engineering, and operations of cybersecurity across the company, and reports to the EVP of Cloud + AI.",fact_extraction,medium,Item 1C,GOVERNANCE,pass,high,1.0,False,
MSFT_2025_0072,"If Microsoft's mission to empower every person and organization on the planet to achieve more leads to increased adoption of its cloud-based services, and this increased adoption results in higher datacenter operational costs, what can be inferred about the relationship between the company's mission and its expenses?","The company's mission and expenses are positively correlated, as the success of the mission would lead to increased expenses related to supporting and investing in cloud-based services.","Microsoft is a technology company committed to making digital technology and artificial intelligence (“AI”) available broadly and doing so responsibly, with a mission to empower every person and every organization on the planet to achieve more. ... Our most significant expenses are related to compensating employees; supporting and investing in our cloud-based services, including datacenter operations;",multi_step_reasoning,hard,Item 7,OVERVIEW,pass,high,0.7967032967032968,False,
MSFT_2025_0074,"What is the likely impact on Microsoft's commercial business if the commercial metrics, such as those for Microsoft 365 Commercial products and cloud services, indicate a decline in performance, and how might this affect the company's overall health?","A decline in commercial metrics would likely indicate a decline in the overall health of Microsoft's commercial business, which could have a negative impact on the company's future performance, as these metrics are considered leading indicators of future performance.","Our commercial business primarily consists of Server products and cloud services, Microsoft 365 Commercial products and cloud services, the commercial portion of LinkedIn, Dynamics products and cloud services, and Enterprise and partner services. Our commercial metrics allow management and investors to assess the overall health of our commercial business and include leading indicators of future performance.",multi_step_reasoning,hard,Item 7,Commercial,pass,high,1.0,False,
MSFT_2025_0075,What does the commercial remaining performance obligation include?,unearned revenue and amounts that will be invoiced and recognized as revenue in future periods,"Commercial remaining performance obligation | | Commercial portion of revenue allocated to remaining performance obligations, which includes unearned revenue and amounts that will be invoiced and recognized as revenue in future periods |",fact_extraction,easy,Item 7,Commercial,pass,high,0.9957805907172996,False,
MSFT_2025_0076,What is included in the revenue from Microsoft 365 Commercial subscriptions?,"Microsoft 365 Commercial, Enterprise Mobility + Security, the cloud portion of Windows Commercial, the per-user portion of Power BI, Exchange, SharePoint, Microsoft Teams, Microsoft 365 Security and Compliance, and Microsoft 365 Copilot","Revenue from Microsoft 365 Commercial subscriptions, comprising Microsoft 365 Commercial, Enterprise Mobility + Security, the cloud portion of Windows Commercial, the per-user portion of Power BI, Exchange, SharePoint, Microsoft Teams, Microsoft 365 Security and Compliance, and Microsoft 365 Copilot",fact_extraction,medium,Item 7,Productivity and Business Processes and Intelligent Cloud,pass,high,1.0,False,
MSFT_2025_0077,What are the two types of content included in Xbox content and services revenue?,first- and third-party content,"Revenue from Xbox content and services, comprising first- and third-party content (including games and in-game content), Xbox Game Pass and other subscriptions, Xbox Cloud Gaming, advertising, and other cloud services",fact_extraction,hard,Item 7,More Personal Computing,pass,high,1.0,False,
MSFT_2025_0078,What was the net income in 2025?,"$101,832","Net income | | 101,832 | | | 88,136 | | | 16%",fact_extraction,easy,Item 7,SUMMARY RESULTS OF OPERATIONS,pass,low,0.8,False,
MSFT_2025_0083,"What is the likely impact on the company's gross margin percentage if the growth in Search and news advertising revenue continues, but the growth in Gaming revenue is offset by a decline in Xbox hardware sales?","The company's gross margin percentage is likely to continue to improve, albeit at a slower rate, due to the growth in Search and news advertising revenue, which has a higher gross margin, offsetting the decline in Xbox hardware sales, which has a lower gross margin.","• Search and news advertising revenue increased $1.6 billion or 13%. Search and news advertising revenue excluding traffic acquisition costs increased 20% driven by higher search volume and higher revenue per search. • Gross margin increased $3.5 billion or 13% with growth across all businesses. Gross margin percentage increased with improvement across all businesses. • Operating expenses increased $1.3 billion or 9% driven by Gaming, including the impact of the Activision Blizzard acquisition.",multi_step_reasoning,hard,Item 7,More Personal Computing,pass,low,0.8158458244111348,False,
MSFT_2025_0084,What two types of costs are included in research and development expenses related to technology development?,"AI training and other infrastructure costs, and third-party development and programming costs","Research and development expenses include payroll, employee benefits, stock-based compensation expense, and other headcount-related expenses associated with product development. Research and development expenses also include technology development costs, including AI training and other infrastructure costs, third-party development and programming costs, and the amortization of purchased software code and services content.",fact_extraction,hard,Item 7,Research and Development,pass,low,1.0,False,
MSFT_2025_0085,"What types of expenses are included in general and administrative expenses, in addition to payroll and employee benefits?","stock-based compensation expense, employee severance expense, other headcount-related expenses, certain taxes, and legal and other administrative fees","General and administrative expenses include payroll, employee benefits, stock-based compensation expense, employee severance expense incurred as part of a corporate program, and other headcount-related expenses associated with finance, legal, facilities, certain human resources and other administrative personnel, certain taxes, and legal and other administrative fees.",fact_extraction,hard,Item 7,General and Administrative,pass,low,1.0,False,
MSFT_2025_0087,Where are gains and losses from changes in fair values of derivatives that are not designated as hedging instruments primarily recognized?,"other income (expense), net","Gains and losses from changes in fair values of derivatives that are not designated as hedging instruments are primarily recognized in other income (expense), net.",fact_extraction,medium,Item 7,"The components of other income (expense), net were as follows:",pass,high,1.0,False,
MSFT_2025_0088,"What two factors contributed to the decrease in interest expense, and what factor offset this decrease?","Maturities of commercial paper and higher capitalization of debt interest expense contributed to the decrease in interest expense, but higher finance lease interest expense offset this decrease.","Interest expense decreased primarily due to maturities of commercial paper and higher capitalization of debt interest expense, offset in part by higher finance lease interest expense.",fact_extraction,hard,Item 7,Fiscal Year 2025 Compared with Fiscal Year 2024,pass,low,1.0,False,
MSFT_2025_0089,"What is the potential impact of the Organisation for Economic Co-operation and Development's (OECD) Pillar Two legislation on Microsoft's consolidated financial statements, and how does this relate to the company's effective tax rate and geographic distribution of income?","The OECD's Pillar Two legislation establishes a global minimum corporate tax rate of 15% for certain multinational enterprises, which may impact Microsoft's consolidated financial statements. However, the company currently does not estimate a material impact. The legislation's impact is related to Microsoft's effective tax rate, which is lower than the U.S. federal statutory rate due to earnings taxed at lower rates in foreign jurisdictions, particularly in Ireland. The geographic distribution of income, with a mix of U.S. and foreign income, also affects the effective tax rate.","The Organisation for Economic Co-operation and Development (“OECD”) published its model rules “Tax Challenges Arising From the Digitalisation of the Economy - Global Anti-Base Erosion Model Rules (Pillar Two)” which established a global minimum corporate tax rate of 15% for certain multinational enterprises. Many countries have implemented or are in the process of implementing the Pillar Two legislation, which applies to Microsoft beginning in fiscal year 2025. While we do not currently estimate a material impact to our consolidated financial statements, we continue to monitor the impact as countries implement legislation and the OECD provides additional guidance.",multi_step_reasoning,hard,Item 7,Effective Tax Rate,pass,high,1.0,False,
MSFT_2025_0090,"What is the percentage increase in the additional tax payment sought by the IRS compared to the year 2014, assuming the payment for 2014 was $0?",100%,"The primary issues in the NOPAs relate to intercompany transfer pricing. In the NOPAs, the IRS is seeking an additional tax payment of $28.9 billion plus penalties and interest.",numeric_calculation,medium,Item 7,Uncertain Tax Positions,pass,low,1.0,True,True
MSFT_2025_0091,"What is the potential impact of interest rate changes on the company's short-term investments, and how does the company manage this risk?",The potential impact of interest rate changes on the company's short-term investments is that the value of the investments may decrease if interest rates rise. The company manages this risk by managing the credit risk and average maturity of its fixed-income portfolio to achieve economic returns that correlate to certain fixed-income indices.,"Our short-term investments are primarily intended to facilitate liquidity and capital preservation. They consist predominantly of highly liquid investment-grade fixed-income securities, diversified among industries and individual issuers. The investments are predominantly U.S. dollar-denominated securities, but also include foreign currency-denominated securities to diversify risk. Our fixed-income investments are exposed to interest rate risk and credit risk. The credit risk and average maturity of our fixed-income portfolio are managed to achieve economic returns that correlate to certain fixed-income indices.",multi_step_reasoning,hard,Item 7,"Cash, Cash Equivalents, and Investments",pass,low,1.0,False,
MSFT_2025_0092,What types of investments are generally classified as Level 2 investments when broker pricing is used?,Investments that are priced by brokers based on similar assets without applying significant adjustments.,"Broker pricing is used mainly when a quoted price is not available, the investment is not priced by our pricing vendors, or when a broker price is more reflective of fair values in the market in which the investment trades. Our broker-priced investments are generally classified as Level 2 investments because the broker prices these investments based on similar assets without applying significant adjustments.",fact_extraction,medium,Item 7,Valuation,pass,high,1.0,False,
MSFT_2025_0093,"What is the potential impact of the company's debt issuances on its capital structure, and how might this affect its ability to fund future acquisitions?","The company's debt issuances could increase its leverage, potentially affecting its credit rating and ability to secure favorable pricing in the debt markets. This, in turn, might limit its ability to fund future acquisitions, as it may need to allocate a larger portion of its cash flows towards debt repayment.","We issue debt to take advantage of favorable pricing and liquidity in the debt markets, reflecting our credit rating. The proceeds of these issuances were or will be used for general corporate purposes, which may include, among other things, funding for working capital, capital expenditures, repurchases of capital stock, acquisitions, and repayment of existing debt.",multi_step_reasoning,hard,Item 7,Debt Proceeds,pass,high,1.0,False,
MSFT_2025_0094,How is unearned revenue generally invoiced for multi-year agreements?,Annually at the beginning of each contract period,"Unearned revenue comprises mainly unearned revenue related to volume licensing programs, which may include cloud services and Software Assurance (“SA”). Unearned revenue is generally invoiced annually at the beginning of each contract period for multi-year agreements and recognized ratably over the coverage period.",fact_extraction,medium,Item 7,Unearned Revenue,pass,high,1.0,False,
MSFT_2025_0095,"What would be the impact on revenue recognition if customers shift from transaction-based products to cloud-based versions, and how would this change be reflected in the financial statements?","Revenue recognition would shift from being recognized at the time of the transaction to being recognized over the subscription period or upon consumption, as applicable, and this change would be reflected in the Unearned Revenue note in the financial statements.","If our customers choose to license cloud-based versions of our products and services rather than licensing transaction-based products and services, the associated revenue will shift from being recognized at the time of the transaction to being recognized over the subscription period or upon consumption, as applicable. Refer to Note 12 – Unearned Revenue of the Notes to Financial Statements (Part II, Item 8 of this Form 10-K).",multi_step_reasoning,hard,Item 7,"The following table outlines the expected future recognition of unearned revenue as of June 30, 2025:",pass,high,1.0,False,
MSFT_2025_0096,What is the total amount of long-term debt principal payments in 2026?,"$3,000","Principal payments | $ | 3,000 | | | $ | 46,206 | | | $ | 49,206 |",fact_extraction,easy,Item 7,Contractual Obligations,pass,high,0.8939393939393939,False,
MSFT_2025_0097,What type of contracts are included in purchase commitments related to datacenters?,take-or-pay contracts,Purchase commitments primarily relate to datacenters and include open purchase orders and take-or-pay contracts that are not presented as construction commitments above.,fact_extraction,hard,Item 7,Contractual Obligations,pass,high,1.0,False,
MSFT_2025_0098,"What is the total amount of transition tax paid by the company from fiscal year 2021 to fiscal year 2025, assuming the eighth installment is paid in the first quarter of fiscal year 2026?",$28.9 billion,"As a result of the TCJA, we are required to pay a one-time transition tax on deferred foreign income not previously subject to U.S. income tax. Under the TCJA, the transition tax is payable in interest-free installments over eight years, with 8% due in each of the first five years, 15% in year six, 20% in year seven, and 25% in year eight. As of June 30, 2025, our eighth transition tax installment of $4.4 billion is short-term and payable in the first quarter of fiscal year 2026.",multi_step_reasoning,hard,Item 7,Income Taxes,pass,high,1.0,False,
MSFT_2025_0099,What was the percentage decrease in the number of shares repurchased from fiscal year 2024 to fiscal year 2025?,((32 - 31) / 32) * 100 = 3.13%,"During fiscal years 2025 and 2024, we repurchased 31 million shares and 32 million shares of our common stock for $13.0 billion and $12.0 billion, respectively, through our share repurchase program.",numeric_calculation,medium,Item 7,Share Repurchases,pass,high,1.0,True,True
MSFT_2025_0100,What is the percentage increase in dividends declared by the Board of Directors from fiscal year 2024 to fiscal year 2025?,10.3% (($24.7 billion - $22.3 billion) / $22.3 billion) = ($2.4 billion / $22.3 billion) = 0.103,"During fiscal years 2025 and 2024, our Board of Directors declared dividends totaling $24.7 billion and $22.3 billion, respectively.",numeric_calculation,hard,Item 7,Dividends,pass,high,1.0,True,True
MSFT_2025_0101,"What potential impact could the company's investments in AI infrastructure and training have on its capital expenditures and liquidity, and how might this affect its ability to invest in other areas of the business?","The company's investments in AI infrastructure and training could lead to increased capital expenditures, which might reduce its liquidity. This, in turn, could limit its ability to invest in other areas of the business, such as sales, marketing, and product support infrastructure, potentially hindering the company's overall growth strategy.","We will continue to invest in sales, marketing, product support infrastructure, and existing and advanced areas of technology, as well as acquisitions that align with our business strategy. Additions to property and equipment will continue, including new facilities, datacenters, and computer systems for research and development, sales and marketing, support, and administrative staff. We will continue to invest in capital expenditures to support growth in our cloud offerings and our investments in AI infrastructure and training.",multi_step_reasoning,hard,Item 7,Other Planned Uses of Capital,pass,high,1.0,False,
MSFT_2025_0102,What areas does the company have critical accounting estimates in?,"revenue recognition, impairment of investment securities, goodwill, research and development costs, legal and other contingencies, and income taxes","Our consolidated financial statements and accompanying notes are prepared in accordance with GAAP. Preparing consolidated financial statements requires management to make estimates and assumptions that affect the reported amounts of assets, liabilities, revenue, and expenses. Critical accounting estimates are those estimates that involve a significant level of estimation uncertainty and could have a material impact on our financial condition or results of operations. We have critical accounting estimates in the areas of revenue recognition, impairment of investment securities, goodwill, research and development costs, legal and other contingencies, and income taxes.",fact_extraction,medium,Item 7,CRITICAL ACCOUNTING ESTIMATES,pass,high,1.0,False,
MSFT_2025_0103,"What is the accounting treatment for revenue from Office 365, and what is the primary reason for this treatment?","Revenue from Office 365 is recognized ratably over the period in which the cloud services are provided, primarily due to the significant level of integration, interdependency, and interrelation between the desktop applications and cloud services.","Certain cloud services, primarily Office 365, depend on a significant level of integration, interdependency, and interrelation between the desktop applications and cloud services, and are accounted for together as one performance obligation. Revenue from Office 365 is recognized ratably over the period in which the cloud services are provided.",fact_extraction,hard,Item 7,Revenue Recognition,pass,high,1.0,False,
MSFT_2025_0105,Where is an impairment charge for debt investments recorded if the company plans to sell the security or it is more likely than not that they will be required to sell the security before recovery?,"other income (expense), net","If we have plans to sell the security or it is more likely than not that we will be required to sell the security before recovery, then a decline in fair value below cost is recorded as an impairment charge in other income (expense), net and a new cost basis in the investment is established.",fact_extraction,medium,Item 7,Impairment of Investment Securities,pass,high,1.0,False,
MSFT_2025_0107,"What is the likely impact on the company's financial statements if the judgment regarding technological feasibility is delayed, and software costs are capitalized later than they should be?","The company's cost of revenue would be understated in the period when the technological feasibility is actually established, and overstated in the subsequent periods when the amortization of the capitalized costs is included in cost of revenue.","Costs incurred internally in researching and developing a software product to be marketed or sold to external users are charged to expense until technological feasibility has been established for the product. Once technological feasibility is established, software costs are capitalized until the product is available for general release to customers. Judgment is required in determining when technological feasibility of a product is established. We have determined that technological feasibility for our software products is reached after all high-risk development issues have been resolved through coding and testing. Generally, this occurs shortly before the products are released to production. The amortization of these costs is included in cost of revenue over the estimated life of the products.",multi_step_reasoning,hard,Item 7,Research and Development Costs,pass,high,1.0,False,
MSFT_2025_0108,What factors does the company evaluate in determining whether a loss should be accrued from a loss contingency?,the degree of probability of an unfavorable outcome and the ability to make a reasonable estimate of the amount of loss,"In determining whether a loss should be accrued we evaluate, among other factors, the degree of probability of an unfavorable outcome and the ability to make a reasonable estimate of the amount of loss.",fact_extraction,medium,Item 7,Legal and Other Contingencies,pass,high,1.0,False,
MSFT_2025_0109,"What is the potential impact on the reliability of the Company's financial records if the internal audit program is ineffective, and how might this affect the Audit Committee's oversight?","If the internal audit program is ineffective, it may compromise the reliability of the Company's financial records, which in turn could undermine the Audit Committee's ability to ensure that management, internal auditors, and the independent registered public accounting firm are meeting their responsibilities, ultimately affecting the Committee's oversight.","The Company designs and maintains accounting and internal control systems to provide reasonable assurance at reasonable cost that assets are safeguarded against loss from unauthorized use or disposition, and that the financial records are reliable for preparing consolidated financial statements and maintaining accountability for assets. These systems are augmented by written policies, an organizational structure providing division of responsibilities, careful selection and training of qualified personnel, and a program of internal audits. The Board of Directors, through its Audit Committee, consisting solely of independent directors of the Company, meets periodically with management, internal auditors, and our independent registered public accounting firm to ensure that each is meeting its responsibilities and to discuss matters concerning internal controls and financial reporting.",multi_step_reasoning,hard,Item 7,STATEMENT OF MANAGEMENT’S RESPONSIBILITY FOR FINANCIAL STATEMENTS,pass,high,0.79082774049217,False,
MSFT_2025_0110,"What was the total revenue for the year ended June 30, 2025?","$281,724","Total revenue | | 281,724 | | | 245,122 | | | 211,915 |",fact_extraction,easy,Item 8,OME STATEMENTS,pass,high,0.8363636363636364,False,
MSFT_2025_0111,What is the percentage change in total assets from 2024 to 2025?,20.8%,"Total assets | | $ | 619,003 | | | $ | 512,163 |",numeric_calculation,hard,Item 8,SHEETS,pass,high,0.9375,True,True
MSFT_2025_0112,"What was the net income for the year ended June 30, 2025?","$101,832","Net income | | $ | 101,832 | | | $ | 88,136 | | | $ | 72,361 |",fact_extraction,easy,Item 8,TATEMENTS,pass,high,0.9193548387096775,False,
MSFT_2025_0113,What was the percentage change in total stockholders' equity from 2024 to 2025?,"28.0% ((343,479 - 268,477) / 268,477)","Total stockholders’ equity | $ | 343,479 | | | $ | 268,477 | | | $ | 206,223 |",numeric_calculation,medium,Item 8,UITY STATEMENTS,pass,high,0.9102564102564102,True,True
MSFT_2025_0114,What is an example of an estimate or assumption that management makes for revenue recognition?,Determining the standalone selling price (SSP) of performance obligations,"Preparing financial statements requires management to make estimates and assumptions that affect the reported amounts of assets, liabilities, revenue, and expenses. Examples of estimates and assumptions include: for revenue recognition, determining the nature and timing of satisfaction of performance obligations, and determining the standalone selling price (""SSP"") of performance obligations, variable consideration, and other obligations such as product returns and refunds;",fact_extraction,medium,Item 8,Estimates and Assumptions,pass,high,1.0,False,
MSFT_2025_0115,"How are translation adjustments resulting from the process of translating assets, liabilities, revenue, and expenses recorded?",to other comprehensive income,Assets and liabilities recorded in foreign currencies are translated at the exchange rate on the balance sheet date. Revenue and expenses are translated at average rates of exchange prevailing during the year. Translation adjustments resulting from this process are recorded to other comprehensive income.,fact_extraction,medium,Item 8,Foreign Currencies,pass,high,1.0,False,
MSFT_2025_0116,"What is revenue recognized net of, according to the company's revenue recognition policy?",allowances for returns and any taxes collected from customers,"Revenue is recognized upon transfer of control of promised products or services to customers in an amount that reflects the consideration we expect to receive in exchange for those products or services. We enter into contracts that can include various combinations of products and services, which are generally capable of being distinct and accounted for as separate performance obligations. Revenue is recognized net of allowances for returns and any taxes collected from customers, which are subsequently remitted to governmental authorities.",fact_extraction,medium,Item 8,Revenue Recognition,pass,high,1.0,False,
MSFT_2025_0117,How is revenue from search advertising recognized?,when the advertisement appears in the search results or when the action necessary to earn the revenue has been completed,Revenue from search advertising is recognized when the advertisement appears in the search results or when the action necessary to earn the revenue has been completed.,fact_extraction,medium,Item 8,Nature of Products and Services,pass,high,1.0,False,
MSFT_2025_0118,"What is the accounting treatment for revenue from Office 365, which is a cloud service that depends on a significant level of integration, interdependency, and interrelation between the desktop applications and cloud services?",Revenue from Office 365 is recognized ratably over the period in which the cloud services are provided.,"Certain cloud services, primarily Office 365, depend on a significant level of integration, interdependency, and interrelation between the desktop applications and cloud services, and are accounted for together as one performance obligation. Revenue from Office 365 is recognized ratably over the period in which the cloud services are provided.",fact_extraction,hard,Item 8,Significant Judgments,pass,high,1.0,False,
MSFT_2025_0119,What factors may be used to determine the Standalone Selling Price (SSP) when it is not directly observable?,market conditions and other observable inputs,"In instances where SSP is not directly observable, such as when we do not sell the product or service separately, we determine the SSP using information that may include market conditions and other observable inputs.",fact_extraction,medium,Item 8,Item 8,pass,high,1.0,False,
MSFT_2025_0120,"What is the typical payment term for customers, according to the contract terms and conditions?",30 to 60 days,"Payment terms and conditions vary by contract type, although terms generally include a requirement of payment within 30 to 60 days.",fact_extraction,medium,Item 8,Contract Balances and Other Receivables,pass,high,1.0,False,
